admin3Name_en,admin3Name_alias,admin3Pcode,admin2Name_en,admin2Name_alias,admin2Pcode,admin1Name_en,admin1Name_alias,admin1Pcode,admin0Name_en,admin0Name_alias,admin0Pcode
Afore Rural LLG,Afore Rural LLG,PG060103,Ijivitari District,Ijivitari District,PG0601,Northern (Oro) Province,Northern (Oro) Province,PG06,Papua New Guinea,Papua New Guinea,PG
Agarabi Rural LLG,Agarabi Rural LLG,PG110418,Kainanatu District,Kainanatu District,PG1104,Eastern Highlands Province,Eastern Highlands Province,PG11,Papua New Guinea,Papua New Guinea,PG
Ahi Rural LLG,Ahi Rural LLG,PG120515,Lae District,Lae District,PG1205,Morobe Province,Morobe Province,PG12,Papua New Guinea,Papua New Guinea,PG
Aiya Rural LLG,Aiya Rural LLG,PG070332,Kagua/Erave District,Kagua/Erave District,PG0703,Southern Highlands Province,Southern Highlands Province,PG07,Papua New Guinea,Papua New Guinea,PG
Albiges/Mablep Rural LLG,Albiges/Mablep Rural LLG,PG140310,Maprik District,Maprik District,PG1403,East Sepik Province,East Sepik Province,PG14,Papua New Guinea,Papua New Guinea,PG
Almami Rural LLG,Almami Rural LLG,PG130101,Bogia District,Bogia District,PG1301,Madang Province,Madang Province,PG13,Papua New Guinea,Papua New Guinea,PG
Alotau Urban LLG,Alotau Urban LLG,PG050107,Alotau District,Alotau District,PG0501,Milne Bay Province,Milne Bay Province,PG05,Papua New Guinea,Papua New Guinea,PG
Amanab Rural LLG,Amanab Rural LLG,PG150412,Vanimo/Green River District,Vanimo/Green River District,PG1504,West Sepik (Sandaun) Province,West Sepik (Sandaun) Province,PG15,Papua New Guinea,Papua New Guinea,PG
Amazon Bay Rural LLG,Amazon Bay Rural LLG,PG030101,Abau District,Abau District,PG0301,Central Province,Central Province,PG03,Papua New Guinea,Papua New Guinea,PG
Ambenob Rural LLG,Ambenob Rural LLG,PG130204,Madang District,Madang District,PG1302,Madang Province,Madang Province,PG13,Papua New Guinea,Papua New Guinea,PG
Ambum Rural LLG,Ambum Rural LLG,PG080203,Kompiam District,Kompiam District,PG0802,Enga Province,Enga Province,PG08,Papua New Guinea,Papua New Guinea,PG
Ambunti Rural LLG,Ambunti Rural LLG,PG140101,Ambunti/Drekikier District,Ambunti/Drekikier District,PG1401,East Sepik Province,East Sepik Province,PG14,Papua New Guinea,Papua New Guinea,PG
Anglimp Rural LLG,Anglimp Rural LLG,PG220101,Anglimp/South Waghi District,Anglimp/South Waghi District,PG2201,Jiwaka Province,Jiwaka Province,PG22,Papua New Guinea,Papua New Guinea,PG
Angoram/Middle Sepik LLG,Angoram/Middle Sepik LLG,PG140205,Angoram District,Angoram District,PG1402,East Sepik Province,East Sepik Province,PG14,Papua New Guinea,Papua New Guinea,PG
Arabaka Rural LLG,Arabaka Rural LLG,PG130307,Middle Ramu District,Middle Ramu District,PG1303,Madang Province,Madang Province,PG13,Papua New Guinea,Papua New Guinea,PG
Arawa LLG,Arawa LLG,PG200208,Central Bougainville District,Central Bougainville District,PG2002,Autonomous Region of Bougainville,Autonomous Region of Bougainville,PG20,Papua New Guinea,Papua New Guinea,PG
Aroma Rural LLG,Aroma Rural LLG,PG030102,Abau District,Abau District,PG0301,Central Province,Central Province,PG03,Papua New Guinea,Papua New Guinea,PG
Astrolabe Bay Rural LLG,Astrolabe Bay Rural LLG,PG130410,Rai Coast District,Rai Coast District,PG1304,Madang Province,Madang Province,PG13,Papua New Guinea,Papua New Guinea,PG
Attols LLG,Attols LLG,PG200106,North Bougainville District,North Bougainville District,PG2001,Autonomous Region of Bougainville,Autonomous Region of Bougainville,PG20,Papua New Guinea,Papua New Guinea,PG
Aua Wuvulu LLG,Aua Wuvulu LLG,PG160101,Manus District,Manus District,PG1601,Manus Province,Manus Province,PG16,Papua New Guinea,Papua New Guinea,PG
Awi/Pori Rural LLG,Awi/Pori Rural LLG,PG210514,Koroba/Kopiago District,Koroba/Kopiago District,PG2105,Hela Province,Hela Province,PG21,Papua New Guinea,Papua New Guinea,PG
Baimuru Rural LLG,Baimuru Rural LLG,PG020207,Kikori District,Kikori District,PG0202,Gulf Province,Gulf Province,PG02,Papua New Guinea,Papua New Guinea,PG
Baiyer Rural LLG,Baiyer Rural LLG,PG090509,Mul/Baiyer District,Mul/Baiyer District,PG0905,Western Highlands Province,Western Highlands Province,PG09,Papua New Guinea,Papua New Guinea,PG
Balanataman Rural LLG,Balanataman Rural LLG,PG180415,Rabaul District,Rabaul District,PG1804,East New Britain Province,East New Britain Province,PG18,Papua New Guinea,Papua New Guinea,PG
Bali/Witu Rural LLG,Bali/Witu Rural LLG,PG190207,Talasea District,Talasea District,PG1902,West New Britain Province,West New Britain Province,PG19,Papua New Guinea,Papua New Guinea,PG
Balimo Urban LLG,Balimo Urban LLG,PG010101,Middle Fly District,Middle Fly District,PG0101,Western Province,Western Province,PG01,Papua New Guinea,Papua New Guinea,PG
Balopa LLG,Balopa LLG,PG160111,Manus District,Manus District,PG1601,Manus Province,Manus Province,PG16,Papua New Guinea,Papua New Guinea,PG
Bamu Rural LLG,Bamu Rural LLG,PG010102,Middle Fly District,Middle Fly District,PG0101,Western Province,Western Province,PG01,Papua New Guinea,Papua New Guinea,PG
Bana LLG,Bana LLG,PG200311,South Bougainville District,South Bougainville District,PG2003,Autonomous Region of Bougainville,Autonomous Region of Bougainville,PG20,Papua New Guinea,Papua New Guinea,PG
Bewani/Wutung Onei Rural LLG,Bewani/Wutung Onei Rural LLG,PG150413,Vanimo/Green River District,Vanimo/Green River District,PG1504,West Sepik (Sandaun) Province,West Sepik (Sandaun) Province,PG15,Papua New Guinea,Papua New Guinea,PG
Bialla Rural LLG,Bialla Rural LLG,PG190206,Talasea District,Talasea District,PG1902,West New Britain Province,West New Britain Province,PG19,Papua New Guinea,Papua New Guinea,PG
Bisikani/Soparibeu LLG,Bisikani/Soparibeu LLG,PG160103,Manus District,Manus District,PG1601,Manus Province,Manus Province,PG16,Papua New Guinea,Papua New Guinea,PG
Bitapaka Rural LLG,Bitapaka Rural LLG,PG180206,Kokopo District,Kokopo District,PG1802,East New Britain Province,East New Britain Province,PG18,Papua New Guinea,Papua New Guinea,PG
Boikin/Dagua Rural LLG,Boikin/Dagua Rural LLG,PG140414,Wewak District,Wewak District,PG1404,East Sepik Province,East Sepik Province,PG14,Papua New Guinea,Papua New Guinea,PG
Bomai/Gumai Rural LLG,Bomai/Gumai Rural LLG,PG100204,Gumine District,Gumine District,PG1002,Chimbu (Simbu) Province,Chimbu (Simbu) Province,PG10,Papua New Guinea,Papua New Guinea,PG
Buang Rural LLG,Buang Rural LLG,PG120129,Bulolo District,Bulolo District,PG1201,Morobe Province,Morobe Province,PG12,Papua New Guinea,Papua New Guinea,PG
Buin LLG,Buin LLG,PG200309,South Bougainville District,South Bougainville District,PG2003,Autonomous Region of Bougainville,Autonomous Region of Bougainville,PG20,Papua New Guinea,Papua New Guinea,PG
Buka LLG,Buka LLG,PG200104,North Bougainville District,North Bougainville District,PG2001,Autonomous Region of Bougainville,Autonomous Region of Bougainville,PG20,Papua New Guinea,Papua New Guinea,PG
Bumbita/Muhian Rural LLG,Bumbita/Muhian Rural LLG,PG140311,Maprik District,Maprik District,PG1403,East Sepik Province,East Sepik Province,PG14,Papua New Guinea,Papua New Guinea,PG
Bundi Rural LLG,Bundi Rural LLG,PG130615,Usino Bundi District,Usino Bundi District,PG1306,Madang Province,Madang Province,PG13,Papua New Guinea,Papua New Guinea,PG
Burui/Kunai Rural LLG,Burui/Kunai Rural LLG,PG140519,Wosera Gawi District,Wosera Gawi District,PG1405,East Sepik Province,East Sepik Province,PG14,Papua New Guinea,Papua New Guinea,PG
Burum Kwat LLG,Burum Kwat LLG,PG120206,Finschafen District,Finschafen District,PG1202,Morobe Province,Morobe Province,PG12,Papua New Guinea,Papua New Guinea,PG
Bwanabwana Rural LLG,Bwanabwana Rural LLG,PG050208,Samarai-Murua District,Samarai-Murua District,PG0502,Milne Bay Province,Milne Bay Province,PG05,Papua New Guinea,Papua New Guinea,PG
Central Gazelle Rural LLG,Central Gazelle Rural LLG,PG180101,Gazelle District,Gazelle District,PG1801,East New Britain Province,East New Britain Province,PG18,Papua New Guinea,Papua New Guinea,PG
Central Kerema Rural LLG,Central Kerema Rural LLG,PG020101,Kerema District,Kerema District,PG0201,Gulf Province,Gulf Province,PG02,Papua New Guinea,Papua New Guinea,PG
Central/Inland Pomio LLG,Central/Inland Pomio LLG,PG180310,Pomio District,Pomio District,PG1803,East New Britain Province,East New Britain Province,PG18,Papua New Guinea,Papua New Guinea,PG
Chuave Rural LLG,Chuave Rural LLG,PG100101,Chuave District,Chuave District,PG1001,Chimbu (Simbu) Province,Chimbu (Simbu) Province,PG10,Papua New Guinea,Papua New Guinea,PG
Cloudy Bay Rural LLG,Cloudy Bay Rural LLG,PG030103,Abau District,Abau District,PG0301,Central Province,Central Province,PG03,Papua New Guinea,Papua New Guinea,PG
Daga Rural LLG,Daga Rural LLG,PG050102,Alotau District,Alotau District,PG0501,Milne Bay Province,Milne Bay Province,PG05,Papua New Guinea,Papua New Guinea,PG
Daru Urban LLG,Daru Urban LLG,PG010311,South Fly District,South Fly District,PG0103,Western Province,Western Province,PG01,Papua New Guinea,Papua New Guinea,PG
Dei Rural LLG,Dei Rural LLG,PG090203,Dei District,Dei District,PG0902,Western Highlands Province,Western Highlands Province,PG09,Papua New Guinea,Papua New Guinea,PG
Deyamos Rural LLG,Deyamos Rural LLG,PG120412,Kabwum District,Kabwum District,PG1204,Morobe Province,Morobe Province,PG12,Papua New Guinea,Papua New Guinea,PG
Dobu Rural LLG,Dobu Rural LLG,PG050415,Esa'ala District,Esa'ala District,PG0504,Milne Bay Province,Milne Bay Province,PG05,Papua New Guinea,Papua New Guinea,PG
Dreikikier Rural LLG,Dreikikier Rural LLG,PG140102,Ambunti/Drekikier District,Ambunti/Drekikier District,PG1401,East Sepik Province,East Sepik Province,PG14,Papua New Guinea,Papua New Guinea,PG
Duau Rural LLG,Duau Rural LLG,PG050416,Esa'ala District,Esa'ala District,PG0504,Milne Bay Province,Milne Bay Province,PG05,Papua New Guinea,Papua New Guinea,PG
Duke of York Rural LLG,Duke of York Rural LLG,PG180207,Kokopo District,Kokopo District,PG1802,East New Britain Province,East New Britain Province,PG18,Papua New Guinea,Papua New Guinea,PG
Dunantina Rural LLG,Dunantina Rural LLG,PG110315,Henganofi District,Henganofi District,PG1103,Eastern Highlands Province,Eastern Highlands Province,PG11,Papua New Guinea,Papua New Guinea,PG
East Aitape Rural LLG,East Aitape Rural LLG,PG150101,Aitape/Lumi District,Aitape/Lumi District,PG1501,West Sepik (Sandaun) Province,West Sepik (Sandaun) Province,PG15,Papua New Guinea,Papua New Guinea,PG
East Kerema Rural LLG,East Kerema Rural LLG,PG020102,Kerema District,Kerema District,PG0201,Gulf Province,Gulf Province,PG02,Papua New Guinea,Papua New Guinea,PG
East Kikori Rural LLG,East Kikori Rural LLG,PG020208,Kikori District,Kikori District,PG0202,Gulf Province,Gulf Province,PG02,Papua New Guinea,Papua New Guinea,PG
East Okapa Rural LLG,East Okapa Rural LLG,PG110710,Okapa District,Okapa District,PG1107,Eastern Highlands Province,Eastern Highlands Province,PG11,Papua New Guinea,Papua New Guinea,PG
East Pangia Rural LLG,East Pangia Rural LLG,PG070101,Ialibu/Pangia District,Ialibu/Pangia District,PG0701,Southern Highlands Province,Southern Highlands Province,PG07,Papua New Guinea,Papua New Guinea,PG
East Pomio Rural LLG,East Pomio Rural LLG,PG180311,Pomio District,Pomio District,PG1803,East New Britain Province,East New Britain Province,PG18,Papua New Guinea,Papua New Guinea,PG
East Wapei Rural LLG,East Wapei Rural LLG,PG150102,Aitape/Lumi District,Aitape/Lumi District,PG1501,West Sepik (Sandaun) Province,West Sepik (Sandaun) Province,PG15,Papua New Guinea,Papua New Guinea,PG
East Yangoru Rural LLG,East Yangoru Rural LLG,PG140623,Yangoru Saussia District,Yangoru Saussia District,PG1406,East Sepik Province,East Sepik Province,PG14,Papua New Guinea,Papua New Guinea,PG
Elimbari Rural LLG,Elimbari Rural LLG,PG100102,Chuave District,Chuave District,PG1001,Chimbu (Simbu) Province,Chimbu (Simbu) Province,PG10,Papua New Guinea,Papua New Guinea,PG
Erave Rural LLG,Erave Rural LLG,PG070308,Kagua/Erave District,Kagua/Erave District,PG0703,Southern Highlands Province,Southern Highlands Province,PG07,Papua New Guinea,Papua New Guinea,PG
Fayantina Rural LLG,Fayantina Rural LLG,PG110316,Henganofi District,Henganofi District,PG1103,Eastern Highlands Province,Eastern Highlands Province,PG11,Papua New Guinea,Papua New Guinea,PG
Finschafen Urban LLG,Finschafen Urban LLG,PG120233,Finschafen District,Finschafen District,PG1202,Morobe Province,Morobe Province,PG12,Papua New Guinea,Papua New Guinea,PG
Gadsup/Tairora Rural LLG,Gadsup/Tairora Rural LLG,PG110419,Kainanatu District,Kainanatu District,PG1104,Eastern Highlands Province,Eastern Highlands Province,PG11,Papua New Guinea,Papua New Guinea,PG
Gahuku Rural LLG,Gahuku Rural LLG,PG110202,Goroka District,Goroka District,PG1102,Eastern Highlands Province,Eastern Highlands Province,PG11,Papua New Guinea,Papua New Guinea,PG
Gama Rural LLG,Gama Rural LLG,PG130619,Usino Bundi District,Usino Bundi District,PG1306,Madang Province,Madang Province,PG13,Papua New Guinea,Papua New Guinea,PG
Gasmata Rural LLG,Gasmata Rural LLG,PG190101,Kandrian/Gloucester District,Kandrian/Gloucester District,PG1901,West New Britain Province,West New Britain Province,PG19,Papua New Guinea,Papua New Guinea,PG
Gawanga Rural LLG,Gawanga Rural LLG,PG140103,Ambunti/Drekikier District,Ambunti/Drekikier District,PG1401,East Sepik Province,East Sepik Province,PG14,Papua New Guinea,Papua New Guinea,PG
Gawi Rural LLG,Gawi Rural LLG,PG140520,Wosera Gawi District,Wosera Gawi District,PG1405,East Sepik Province,East Sepik Province,PG14,Papua New Guinea,Papua New Guinea,PG
Gena/Waugla Rural LLG,Gena/Waugla Rural LLG,PG100410,Kerowagi District,Kerowagi District,PG1004,Chimbu (Simbu) Province,Chimbu (Simbu) Province,PG10,Papua New Guinea,Papua New Guinea,PG
Gloucester Rural LLG,Gloucester Rural LLG,PG190102,Kandrian/Gloucester District,Kandrian/Gloucester District,PG1901,West New Britain Province,West New Britain Province,PG19,Papua New Guinea,Papua New Guinea,PG
Gogodala Rural LLG,Gogodala Rural LLG,PG010103,Middle Fly District,Middle Fly District,PG0101,Western Province,Western Province,PG01,Papua New Guinea,Papua New Guinea,PG
Goodenough Island LLG,Goodenough Island LLG,PG050313,Kiriwina-Goodenough District,Kiriwina-Goodenough District,PG0503,Milne Bay Province,Milne Bay Province,PG05,Papua New Guinea,Papua New Guinea,PG
Goroka Urban LLG,Goroka Urban LLG,PG110203,Goroka District,Goroka District,PG1102,Eastern Highlands Province,Eastern Highlands Province,PG11,Papua New Guinea,Papua New Guinea,PG
Green River Rural LLG,Green River Rural LLG,PG150414,Vanimo/Green River District,Vanimo/Green River District,PG1504,West Sepik (Sandaun) Province,West Sepik (Sandaun) Province,PG15,Papua New Guinea,Papua New Guinea,PG
Guari Rural LLG,Guari Rural LLG,PG030204,Goilala District,Goilala District,PG0302,Central Province,Central Province,PG03,Papua New Guinea,Papua New Guinea,PG
Gumine Rural LLG,Gumine Rural LLG,PG100205,Gumine District,Gumine District,PG1002,Chimbu (Simbu) Province,Chimbu (Simbu) Province,PG10,Papua New Guinea,Papua New Guinea,PG
Hayapuga Rural LLG,Hayapuga Rural LLG,PG210827,Tari/Pori District,Tari/Pori District,PG2108,Hela Province,Hela Province,PG21,Papua New Guinea,Papua New Guinea,PG
Higaturu Rural LLG,Higaturu Rural LLG,PG060206,Sohe District,Sohe District,PG0602,Northern (Oro) Province,Northern (Oro) Province,PG06,Papua New Guinea,Papua New Guinea,PG
Hiri Rural LLG,Hiri Rural LLG,PG030307,Kairuku - Hiri District,Kairuku - Hiri District,PG0303,Central Province,Central Province,PG03,Papua New Guinea,Papua New Guinea,PG
Hoskins Rural LLG,Hoskins Rural LLG,PG190208,Talasea District,Talasea District,PG1902,West New Britain Province,West New Britain Province,PG19,Papua New Guinea,Papua New Guinea,PG
Hube Rural LLG,Hube Rural LLG,PG120232,Finschafen District,Finschafen District,PG1202,Morobe Province,Morobe Province,PG12,Papua New Guinea,Papua New Guinea,PG
Huhu Rural LLG,Huhu Rural LLG,PG050105,Alotau District,Alotau District,PG0501,Milne Bay Province,Milne Bay Province,PG05,Papua New Guinea,Papua New Guinea,PG
Hulia Rural LLG,Hulia Rural LLG,PG210411,Komo/Magarima District,Komo/Magarima District,PG2104,Hela Province,Hela Province,PG21,Papua New Guinea,Papua New Guinea,PG
Iabu Rural LLG,Iabu Rural LLG,PG130102,Bogia District,Bogia District,PG1301,Madang Province,Madang Province,PG13,Papua New Guinea,Papua New Guinea,PG
Ialibu Basin Rural LLG,Ialibu Basin Rural LLG,PG070205,Imbonggu District,Imbonggu District,PG0702,Southern Highlands Province,Southern Highlands Province,PG07,Papua New Guinea,Papua New Guinea,PG
Ialibu Urban LLG,Ialibu Urban LLG,PG070102,Ialibu/Pangia District,Ialibu/Pangia District,PG0701,Southern Highlands Province,Southern Highlands Province,PG07,Papua New Guinea,Papua New Guinea,PG
Ihu Rural LLG,Ihu Rural LLG,PG020209,Kikori District,Kikori District,PG0202,Gulf Province,Gulf Province,PG02,Papua New Guinea,Papua New Guinea,PG
Imbongu Rural LLG,Imbongu Rural LLG,PG070206,Imbonggu District,Imbonggu District,PG0702,Southern Highlands Province,Southern Highlands Province,PG07,Papua New Guinea,Papua New Guinea,PG
Inland Baining Rural LLG,Inland Baining Rural LLG,PG180102,Gazelle District,Gazelle District,PG1801,East New Britain Province,East New Britain Province,PG18,Papua New Guinea,Papua New Guinea,PG
Jimi Rural LLG,Jimi Rural LLG,PG220406,Jimi District,Jimi District,PG2204,Jiwaka Province,Jiwaka Province,PG22,Papua New Guinea,Papua New Guinea,PG
Josephstaal Rural LLG,Josephstaal Rural LLG,PG130308,Middle Ramu District,Middle Ramu District,PG1303,Madang Province,Madang Province,PG13,Papua New Guinea,Papua New Guinea,PG
Kafentina Rural LLG,Kafentina Rural LLG,PG110304,Henganofi District,Henganofi District,PG1103,Eastern Highlands Province,Eastern Highlands Province,PG11,Papua New Guinea,Papua New Guinea,PG
Kagua Rural LLG,Kagua Rural LLG,PG070309,Kagua/Erave District,Kagua/Erave District,PG0703,Southern Highlands Province,Southern Highlands Province,PG07,Papua New Guinea,Papua New Guinea,PG
Kainantu Urban LLG,Kainantu Urban LLG,PG110406,Kainanatu District,Kainanatu District,PG1104,Eastern Highlands Province,Eastern Highlands Province,PG11,Papua New Guinea,Papua New Guinea,PG
Kaintiba Rural LLG,Kaintiba Rural LLG,PG020103,Kerema District,Kerema District,PG0201,Gulf Province,Gulf Province,PG02,Papua New Guinea,Papua New Guinea,PG
Kairuku Rural LLG,Kairuku Rural LLG,PG030308,Kairuku - Hiri District,Kairuku - Hiri District,PG0303,Central Province,Central Province,PG03,Papua New Guinea,Papua New Guinea,PG
Kamano No. 1 Rural LLG,Kamano No. 1 Rural LLG,PG110417,Kainanatu District,Kainanatu District,PG1104,Eastern Highlands Province,Eastern Highlands Province,PG11,Papua New Guinea,Papua New Guinea,PG
Kamano No. 2 Rural LLG,Kamano No. 2 Rural LLG,PG110405,Kainanatu District,Kainanatu District,PG1104,Eastern Highlands Province,Eastern Highlands Province,PG11,Papua New Guinea,Papua New Guinea,PG
Kandep Rural LLG,Kandep Rural LLG,PG080101,Kandep District,Kandep District,PG0801,Enga Province,Enga Province,PG08,Papua New Guinea,Papua New Guinea,PG
Kandrian Coastal Rural LLG,Kandrian Coastal Rural LLG,PG190103,Kandrian/Gloucester District,Kandrian/Gloucester District,PG1901,West New Britain Province,West New Britain Province,PG19,Papua New Guinea,Papua New Guinea,PG
Kandrian Inland Rural LLG,Kandrian Inland Rural LLG,PG190104,Kandrian/Gloucester District,Kandrian/Gloucester District,PG1901,West New Britain Province,West New Britain Province,PG19,Papua New Guinea,Papua New Guinea,PG
Kapao Rural LLG,Kapao Rural LLG,PG120730,Menyamya District,Menyamya District,PG1207,Morobe Province,Morobe Province,PG12,Papua New Guinea,Papua New Guinea,PG
Karawari Rural LLG,Karawari Rural LLG,PG140206,Angoram District,Angoram District,PG1402,East Sepik Province,East Sepik Province,PG14,Papua New Guinea,Papua New Guinea,PG
Karimui Rural LLG,Karimui Rural LLG,PG100307,Karimui/Nomane District,Karimui/Nomane District,PG1003,Chimbu (Simbu) Province,Chimbu (Simbu) Province,PG10,Papua New Guinea,Papua New Guinea,PG
Karints Rural LLG,Karints Rural LLG,PG070618,Mendi/Munihu District,Mendi/Munihu District,PG0706,Southern Highlands Province,Southern Highlands Province,PG07,Papua New Guinea,Papua New Guinea,PG
Karkar Rural LLG,Karkar Rural LLG,PG130513,Sumkar District,Sumkar District,PG1305,Madang Province,Madang Province,PG13,Papua New Guinea,Papua New Guinea,PG
Kavieng Urban LLG,Kavieng Urban LLG,PG170104,Kavieng District,Kavieng District,PG1701,New Ireland Province,New Ireland Province,PG17,Papua New Guinea,Papua New Guinea,PG
Keram Rural LLG,Keram Rural LLG,PG140207,Angoram District,Angoram District,PG1402,East Sepik Province,East Sepik Province,PG14,Papua New Guinea,Papua New Guinea,PG
Kerema Urban LLG,Kerema Urban LLG,PG020104,Kerema District,Kerema District,PG0201,Gulf Province,Gulf Province,PG02,Papua New Guinea,Papua New Guinea,PG
Kerowagi Urban LLG,Kerowagi Urban LLG,PG100420,Kerowagi District,Kerowagi District,PG1004,Chimbu (Simbu) Province,Chimbu (Simbu) Province,PG10,Papua New Guinea,Papua New Guinea,PG
Kewabi Rural LLG,Kewabi Rural LLG,PG070103,Ialibu/Pangia District,Ialibu/Pangia District,PG0701,Southern Highlands Province,Southern Highlands Province,PG07,Papua New Guinea,Papua New Guinea,PG
Kimbe Urban LLG,Kimbe Urban LLG,PG190209,Talasea District,Talasea District,PG1902,West New Britain Province,West New Britain Province,PG19,Papua New Guinea,Papua New Guinea,PG
Kira Rural LLG,Kira Rural LLG,PG060208,Sohe District,Sohe District,PG0602,Northern (Oro) Province,Northern (Oro) Province,PG06,Papua New Guinea,Papua New Guinea,PG
Kiriwina Rural LLG,Kiriwina Rural LLG,PG050312,Kiriwina-Goodenough District,Kiriwina-Goodenough District,PG0503,Milne Bay Province,Milne Bay Province,PG05,Papua New Guinea,Papua New Guinea,PG
Kiunga Rural LLG,Kiunga Rural LLG,PG010206,North Fly District,North Fly District,PG0102,Western Province,Western Province,PG01,Papua New Guinea,Papua New Guinea,PG
Kiunga Urban LLG,Kiunga Urban LLG,PG010207,North Fly District,North Fly District,PG0102,Western Province,Western Province,PG01,Papua New Guinea,Papua New Guinea,PG
Kiwai Rural LLG,Kiwai Rural LLG,PG010312,South Fly District,South Fly District,PG0103,Western Province,Western Province,PG01,Papua New Guinea,Papua New Guinea,PG
Koiari Rural LLG,Koiari Rural LLG,PG030309,Kairuku - Hiri District,Kairuku - Hiri District,PG0303,Central Province,Central Province,PG03,Papua New Guinea,Papua New Guinea,PG
Kokoda Rural LLG,Kokoda Rural LLG,PG060205,Sohe District,Sohe District,PG0602,Northern (Oro) Province,Northern (Oro) Province,PG06,Papua New Guinea,Papua New Guinea,PG
Kokopo/Vunamami Urban LLG,Kokopo/Vunamami Urban LLG,PG180208,Kokopo District,Kokopo District,PG1802,East New Britain Province,East New Britain Province,PG18,Papua New Guinea,Papua New Guinea,PG
Kol Rural LLG,Kol Rural LLG,PG220407,Jimi District,Jimi District,PG2204,Jiwaka Province,Jiwaka Province,PG22,Papua New Guinea,Papua New Guinea,PG
Komba Rural LLG,Komba Rural LLG,PG120431,Kabwum District,Kabwum District,PG1204,Morobe Province,Morobe Province,PG12,Papua New Guinea,Papua New Guinea,PG
Kombiu Rural LLG,Kombiu Rural LLG,PG180416,Rabaul District,Rabaul District,PG1804,East New Britain Province,East New Britain Province,PG18,Papua New Guinea,Papua New Guinea,PG
Kome Rural LLG,Kome Rural LLG,PG120721,Menyamya District,Menyamya District,PG1207,Morobe Province,Morobe Province,PG12,Papua New Guinea,Papua New Guinea,PG
Komo Rural LLG,Komo Rural LLG,PG210412,Komo/Magarima District,Komo/Magarima District,PG2104,Hela Province,Hela Province,PG21,Papua New Guinea,Papua New Guinea,PG
Kompiam Rural LLG,Kompiam Rural LLG,PG080204,Kompiam District,Kompiam District,PG0802,Enga Province,Enga Province,PG08,Papua New Guinea,Papua New Guinea,PG
Konoagil Rural LLG,Konoagil Rural LLG,PG170207,Namatanai District,Namatanai District,PG1702,New Ireland Province,New Ireland Province,PG17,Papua New Guinea,Papua New Guinea,PG
Kotidanga Rural LLG,Kotidanga Rural LLG,PG020105,Kerema District,Kerema District,PG0201,Gulf Province,Gulf Province,PG02,Papua New Guinea,Papua New Guinea,PG
Kotna Rural LLG,Kotna Rural LLG,PG090214,Dei District,Dei District,PG0902,Western Highlands Province,Western Highlands Province,PG09,Papua New Guinea,Papua New Guinea,PG
Kotte Rural LLG,Kotte Rural LLG,PG120207,Finschafen District,Finschafen District,PG1202,Morobe Province,Morobe Province,PG12,Papua New Guinea,Papua New Guinea,PG
Kove/Kaliai Rural LLG,Kove/Kaliai Rural LLG,PG190105,Kandrian/Gloucester District,Kandrian/Gloucester District,PG1901,West New Britain Province,West New Britain Province,PG19,Papua New Guinea,Papua New Guinea,PG
Kovon LLG,Kovon LLG,PG130317,Middle Ramu District,Middle Ramu District,PG1303,Madang Province,Madang Province,PG13,Papua New Guinea,Papua New Guinea,PG
Kuare Rural LLG,Kuare Rural LLG,PG070310,Kagua/Erave District,Kagua/Erave District,PG0703,Southern Highlands Province,Southern Highlands Province,PG07,Papua New Guinea,Papua New Guinea,PG
Kundiawa Urban LLG,Kundiawa Urban LLG,PG100513,Kundiawa/Gembogl District,Kundiawa/Gembogl District,PG1005,Chimbu (Simbu) Province,Chimbu (Simbu) Province,PG10,Papua New Guinea,Papua New Guinea,PG
Kunua LLG,Kunua LLG,PG200102,North Bougainville District,North Bougainville District,PG2001,Autonomous Region of Bougainville,Autonomous Region of Bougainville,PG20,Papua New Guinea,Papua New Guinea,PG
Kup Rural LLG,Kup Rural LLG,PG100412,Kerowagi District,Kerowagi District,PG1004,Chimbu (Simbu) Province,Chimbu (Simbu) Province,PG10,Papua New Guinea,Papua New Guinea,PG
Labuta Rural LLG,Labuta Rural LLG,PG120823,Nawae District,Nawae District,PG1208,Morobe Province,Morobe Province,PG12,Papua New Guinea,Papua New Guinea,PG
Lae Urban LLG,Lae Urban LLG,PG120516,Lae District,Lae District,PG1205,Morobe Province,Morobe Province,PG12,Papua New Guinea,Papua New Guinea,PG
Lagaip Rural LLG,Lagaip Rural LLG,PG080306,Lagaip/Pogera District,Lagaip/Pogera District,PG0803,Enga Province,Enga Province,PG08,Papua New Guinea,Papua New Guinea,PG
Lai Valley Rural LLG,Lai Valley Rural LLG,PG070619,Mendi/Munihu District,Mendi/Munihu District,PG0706,Southern Highlands Province,Southern Highlands Province,PG07,Papua New Guinea,Papua New Guinea,PG
Lake Kopiago Rural LLG,Lake Kopiago Rural LLG,PG210515,Koroba/Kopiago District,Koroba/Kopiago District,PG2105,Hela Province,Hela Province,PG21,Papua New Guinea,Papua New Guinea,PG
Lake Kutubu Rural LLG,Lake Kutubu Rural LLG,PG070722,Nipa/Kutubu District,Nipa/Kutubu District,PG0707,Southern Highlands Province,Southern Highlands Province,PG07,Papua New Guinea,Papua New Guinea,PG
Lake Murray Rural LLG,Lake Murray Rural LLG,PG010104,Middle Fly District,Middle Fly District,PG0101,Western Province,Western Province,PG01,Papua New Guinea,Papua New Guinea,PG
Lakekamu-Tauri Rural LLG,Lakekamu-Tauri Rural LLG,PG020106,Kerema District,Kerema District,PG0201,Gulf Province,Gulf Province,PG02,Papua New Guinea,Papua New Guinea,PG
Lamari Rural LLG,Lamari Rural LLG,PG110608,Obura/Wonenara District,Obura/Wonenara District,PG1106,Eastern Highlands Province,Eastern Highlands Province,PG11,Papua New Guinea,Papua New Guinea,PG
Lassul Baining Rural LLG,Lassul Baining Rural LLG,PG180103,Gazelle District,Gazelle District,PG1801,East New Britain Province,East New Britain Province,PG18,Papua New Guinea,Papua New Guinea,PG
Lelemadih/Bupichupeu LLG,Lelemadih/Bupichupeu LLG,PG160105,Manus District,Manus District,PG1601,Manus Province,Manus Province,PG16,Papua New Guinea,Papua New Guinea,PG
Livuan/Reimber Rural LLG,Livuan/Reimber Rural LLG,PG180104,Gazelle District,Gazelle District,PG1801,East New Britain Province,East New Britain Province,PG18,Papua New Guinea,Papua New Guinea,PG
Lorengau Urban LLG,Lorengau Urban LLG,PG160106,Manus District,Manus District,PG1601,Manus Province,Manus Province,PG16,Papua New Guinea,Papua New Guinea,PG
Los Negros LLG,Los Negros LLG,PG160107,Manus District,Manus District,PG1601,Manus Province,Manus Province,PG16,Papua New Guinea,Papua New Guinea,PG
Louisiade Rural LLG,Louisiade Rural LLG,PG050209,Samarai-Murua District,Samarai-Murua District,PG0502,Milne Bay Province,Milne Bay Province,PG05,Papua New Guinea,Papua New Guinea,PG
Lovongai Rural LLG,Lovongai Rural LLG,PG170102,Kavieng District,Kavieng District,PG1701,New Ireland Province,New Ireland Province,PG17,Papua New Guinea,Papua New Guinea,PG
Lower Asaro Rural LLG,Lower Asaro Rural LLG,PG110112,Daulo District,Daulo District,PG1101,Eastern Highlands Province,Eastern Highlands Province,PG11,Papua New Guinea,Papua New Guinea,PG
Lower Benna LLG,Lower Benna LLG,PG110811,Unggai/Benna District,Unggai/Benna District,PG1108,Eastern Highlands Province,Eastern Highlands Province,PG11,Papua New Guinea,Papua New Guinea,PG
Lower Mendi Rural LLG,Lower Mendi Rural LLG,PG070207,Imbonggu District,Imbonggu District,PG0702,Southern Highlands Province,Southern Highlands Province,PG07,Papua New Guinea,Papua New Guinea,PG
Lower Wage LLG,Lower Wage LLG,PG210413,Komo/Magarima District,Komo/Magarima District,PG2104,Hela Province,Hela Province,PG21,Papua New Guinea,Papua New Guinea,PG
Lumusa Rural LLG,Lumusa Rural LLG,PG090510,Mul/Baiyer District,Mul/Baiyer District,PG0905,Western Highlands Province,Western Highlands Province,PG09,Papua New Guinea,Papua New Guinea,PG
Madang Urban LLG,Madang Urban LLG,PG130205,Madang District,Madang District,PG1302,Madang Province,Madang Province,PG13,Papua New Guinea,Papua New Guinea,PG
Maimai Wanwan LLG,Maimai Wanwan LLG,PG150217,Nuku District,Nuku District,PG1502,West Sepik (Sandaun) Province,West Sepik (Sandaun) Province,PG15,Papua New Guinea,Papua New Guinea,PG
Maip Muritaka Rural LLG,Maip Muritaka Rural LLG,PG080307,Lagaip/Pogera District,Lagaip/Pogera District,PG0803,Enga Province,Enga Province,PG08,Papua New Guinea,Papua New Guinea,PG
Makamaka Rural LLG,Makamaka Rural LLG,PG050101,Alotau District,Alotau District,PG0501,Milne Bay Province,Milne Bay Province,PG05,Papua New Guinea,Papua New Guinea,PG
Maprik/Wora Rural LLG,Maprik/Wora Rural LLG,PG140312,Maprik District,Maprik District,PG1403,East Sepik Province,East Sepik Province,PG14,Papua New Guinea,Papua New Guinea,PG
Maramatana Rural LLG,Maramatana Rural LLG,PG050104,Alotau District,Alotau District,PG0501,Milne Bay Province,Milne Bay Province,PG05,Papua New Guinea,Papua New Guinea,PG
Maramuni Rural LLG,Maramuni Rural LLG,PG080412,Wabag District,Wabag District,PG0804,Enga Province,Enga Province,PG08,Papua New Guinea,Papua New Guinea,PG
Marienberg Rural LLG,Marienberg Rural LLG,PG140208,Angoram District,Angoram District,PG1402,East Sepik Province,East Sepik Province,PG14,Papua New Guinea,Papua New Guinea,PG
Mawase Rural LLG,Mawase Rural LLG,PG150205,Nuku District,Nuku District,PG1502,West Sepik (Sandaun) Province,West Sepik (Sandaun) Province,PG15,Papua New Guinea,Papua New Guinea,PG
Mekeo Kuni Rural LLG,Mekeo Kuni Rural LLG,PG030310,Kairuku - Hiri District,Kairuku - Hiri District,PG0303,Central Province,Central Province,PG03,Papua New Guinea,Papua New Guinea,PG
Melkoi Rural LLG,Melkoi Rural LLG,PG180312,Pomio District,Pomio District,PG1803,East New Britain Province,East New Britain Province,PG18,Papua New Guinea,Papua New Guinea,PG
Mendi Urban LLG,Mendi Urban LLG,PG070620,Mendi/Munihu District,Mendi/Munihu District,PG0706,Southern Highlands Province,Southern Highlands Province,PG07,Papua New Guinea,Papua New Guinea,PG
Mimanalo Rural LLG,Mimanalo Rural LLG,PG110214,Goroka District,Goroka District,PG1102,Eastern Highlands Province,Eastern Highlands Province,PG11,Papua New Guinea,Papua New Guinea,PG
Mitnande Rural LLG,Mitnande Rural LLG,PG100514,Kundiawa/Gembogl District,Kundiawa/Gembogl District,PG1005,Chimbu (Simbu) Province,Chimbu (Simbu) Province,PG10,Papua New Guinea,Papua New Guinea,PG
Morehead Rural LLG,Morehead Rural LLG,PG010313,South Fly District,South Fly District,PG0103,Western Province,Western Province,PG01,Papua New Guinea,Papua New Guinea,PG
Morobe Rural LLG,Morobe Rural LLG,PG120309,Huon District,Huon District,PG1203,Morobe Province,Morobe Province,PG12,Papua New Guinea,Papua New Guinea,PG
Mosa Rural LLG,Mosa Rural LLG,PG190210,Talasea District,Talasea District,PG1902,West New Britain Province,West New Britain Province,PG19,Papua New Guinea,Papua New Guinea,PG
Mt Bosavi Rural LLG,Mt Bosavi Rural LLG,PG070723,Nipa/Kutubu District,Nipa/Kutubu District,PG0707,Southern Highlands Province,Southern Highlands Province,PG07,Papua New Guinea,Papua New Guinea,PG
Mt Digine Rural LLG,Mt Digine Rural LLG,PG100206,Gumine District,Gumine District,PG1002,Chimbu (Simbu) Province,Chimbu (Simbu) Province,PG10,Papua New Guinea,Papua New Guinea,PG
Mt Giluwe Rural LLG,Mt Giluwe Rural LLG,PG090712,Tambul/Nebilyer District,Tambul/Nebilyer District,PG0907,Western Highlands Province,Western Highlands Province,PG09,Papua New Guinea,Papua New Guinea,PG
Mt Hagen Rural LLG,Mt Hagen Rural LLG,PG090304,Mt Hagen District,Mt Hagen District,PG0903,Western Highlands Province,Western Highlands Province,PG09,Papua New Guinea,Papua New Guinea,PG
Mt Hagen Urban LLG,Mt Hagen Urban LLG,PG090305,Mt Hagen District,Mt Hagen District,PG0903,Western Highlands Province,Western Highlands Province,PG09,Papua New Guinea,Papua New Guinea,PG
Mt. Michael Rural LLG,Mt. Michael Rural LLG,PG110520,Lufa District,Lufa District,PG1105,Eastern Highlands Province,Eastern Highlands Province,PG11,Papua New Guinea,Papua New Guinea,PG
Mul Rural LLG,Mul Rural LLG,PG090508,Mul/Baiyer District,Mul/Baiyer District,PG0905,Western Highlands Province,Western Highlands Province,PG09,Papua New Guinea,Papua New Guinea,PG
Mumeng Rural LLG,Mumeng Rural LLG,PG120101,Bulolo District,Bulolo District,PG1201,Morobe Province,Morobe Province,PG12,Papua New Guinea,Papua New Guinea,PG
Murat Rural LLG,Murat Rural LLG,PG170101,Kavieng District,Kavieng District,PG1701,New Ireland Province,New Ireland Province,PG17,Papua New Guinea,Papua New Guinea,PG
Murua Rural LLG,Murua Rural LLG,PG050211,Samarai-Murua District,Samarai-Murua District,PG0502,Milne Bay Province,Milne Bay Province,PG05,Papua New Guinea,Papua New Guinea,PG
Nabak Rural LLG,Nabak Rural LLG,PG120824,Nawae District,Nawae District,PG1208,Morobe Province,Morobe Province,PG12,Papua New Guinea,Papua New Guinea,PG
Naho Rawa Rural LLG,Naho Rawa Rural LLG,PG130411,Rai Coast District,Rai Coast District,PG1304,Madang Province,Madang Province,PG13,Papua New Guinea,Papua New Guinea,PG
Nali Sopat/Penabu LLG,Nali Sopat/Penabu LLG,PG160108,Manus District,Manus District,PG1601,Manus Province,Manus Province,PG16,Papua New Guinea,Papua New Guinea,PG
Namatanai Rural LLG,Namatanai Rural LLG,PG170205,Namatanai District,Namatanai District,PG1702,New Ireland Province,New Ireland Province,PG17,Papua New Guinea,Papua New Guinea,PG
Namea Rural LLG,Namea Rural LLG,PG150308,Telefomin District,Telefomin District,PG1503,West Sepik (Sandaun) Province,West Sepik (Sandaun) Province,PG15,Papua New Guinea,Papua New Guinea,PG
Nanima Kariba LLG,Nanima Kariba LLG,PG120734,Menyamya District,Menyamya District,PG1207,Morobe Province,Morobe Province,PG12,Papua New Guinea,Papua New Guinea,PG
National Capital District,National Capital District,PG040101,National Capital District,National Capital District,PG0401,National Capital District,National Capital District,PG04,Papua New Guinea,Papua New Guinea,PG
Nayudo Rural LLG,Nayudo Rural LLG,PG130418,Rai Coast District,Rai Coast District,PG1304,Madang Province,Madang Province,PG13,Papua New Guinea,Papua New Guinea,PG
Nebilyer Rural LLG,Nebilyer Rural LLG,PG090713,Tambul/Nebilyer District,Tambul/Nebilyer District,PG0907,Western Highlands Province,Western Highlands Province,PG09,Papua New Guinea,Papua New Guinea,PG
Nembi Plateau Rural LLG,Nembi Plateau Rural LLG,PG070724,Nipa/Kutubu District,Nipa/Kutubu District,PG0707,Southern Highlands Province,Southern Highlands Province,PG07,Papua New Guinea,Papua New Guinea,PG
Niglkande Rural LLG,Niglkande Rural LLG,PG100515,Kundiawa/Gembogl District,Kundiawa/Gembogl District,PG1005,Chimbu (Simbu) Province,Chimbu (Simbu) Province,PG10,Papua New Guinea,Papua New Guinea,PG
Nigoherm LLG,Nigoherm LLG,PG160102,Manus District,Manus District,PG1601,Manus Province,Manus Province,PG16,Papua New Guinea,Papua New Guinea,PG
Nimamar Rural LLG,Nimamar Rural LLG,PG170209,Namatanai District,Namatanai District,PG1702,New Ireland Province,New Ireland Province,PG17,Papua New Guinea,Papua New Guinea,PG
Ningerum Rural LLG,Ningerum Rural LLG,PG010208,North Fly District,North Fly District,PG0102,Western Province,Western Province,PG01,Papua New Guinea,Papua New Guinea,PG
Nipa Rural LLG,Nipa Rural LLG,PG070725,Nipa/Kutubu District,Nipa/Kutubu District,PG0707,Southern Highlands Province,Southern Highlands Province,PG07,Papua New Guinea,Papua New Guinea,PG
Nissan LLG,Nissan LLG,PG200105,North Bougainville District,North Bougainville District,PG2001,Autonomous Region of Bougainville,Autonomous Region of Bougainville,PG20,Papua New Guinea,Papua New Guinea,PG
Nomad Rural LLG,Nomad Rural LLG,PG010105,Middle Fly District,Middle Fly District,PG0101,Western Province,Western Province,PG01,Papua New Guinea,Papua New Guinea,PG
Nomane Rural LLG,Nomane Rural LLG,PG100308,Karimui/Nomane District,Karimui/Nomane District,PG1003,Chimbu (Simbu) Province,Chimbu (Simbu) Province,PG10,Papua New Guinea,Papua New Guinea,PG
Nondugl Rural LLG,Nondugl Rural LLG,PG220615,North Waghi District,North Waghi District,PG2206,Jiwaka Province,Jiwaka Province,PG22,Papua New Guinea,Papua New Guinea,PG
North Koroba Rural LLG,North Koroba Rural LLG,PG210516,Koroba/Kopiago District,Koroba/Kopiago District,PG2105,Hela Province,Hela Province,PG21,Papua New Guinea,Papua New Guinea,PG
North Waghi Rural LLG,North Waghi Rural LLG,PG220611,North Waghi District,North Waghi District,PG2206,Jiwaka Province,Jiwaka Province,PG22,Papua New Guinea,Papua New Guinea,PG
North Wosera Rural LLG,North Wosera Rural LLG,PG140521,Wosera Gawi District,Wosera Gawi District,PG1405,East Sepik Province,East Sepik Province,PG14,Papua New Guinea,Papua New Guinea,PG
Numbor Rural LLG,Numbor Rural LLG,PG140624,Yangoru Saussia District,Yangoru Saussia District,PG1406,East Sepik Province,East Sepik Province,PG14,Papua New Guinea,Papua New Guinea,PG
Oksapmin Rural LLG,Oksapmin Rural LLG,PG150309,Telefomin District,Telefomin District,PG1503,West Sepik (Sandaun) Province,West Sepik (Sandaun) Province,PG15,Papua New Guinea,Papua New Guinea,PG
Olsobip Rural LLG,Olsobip Rural LLG,PG010209,North Fly District,North Fly District,PG0102,Western Province,Western Province,PG01,Papua New Guinea,Papua New Guinea,PG
Onga/Waffa Rural LLG,Onga/Waffa Rural LLG,PG120617,Markham District,Markham District,PG1206,Morobe Province,Morobe Province,PG12,Papua New Guinea,Papua New Guinea,PG
Oriomo-Bituri Rural LLG,Oriomo-Bituri Rural LLG,PG010314,South Fly District,South Fly District,PG0103,Western Province,Western Province,PG01,Papua New Guinea,Papua New Guinea,PG
Oro Bay Rural LLG,Oro Bay Rural LLG,PG060101,Ijivitari District,Ijivitari District,PG0601,Northern (Oro) Province,Northern (Oro) Province,PG06,Papua New Guinea,Papua New Guinea,PG
Paiela/Hewa Rural LLG,Paiela/Hewa Rural LLG,PG080308,Lagaip/Pogera District,Lagaip/Pogera District,PG0803,Enga Province,Enga Province,PG08,Papua New Guinea,Papua New Guinea,PG
Palmai Rural LLG,Palmai Rural LLG,PG150206,Nuku District,Nuku District,PG1502,West Sepik (Sandaun) Province,West Sepik (Sandaun) Province,PG15,Papua New Guinea,Papua New Guinea,PG
Pilikambi Rural LLG,Pilikambi Rural LLG,PG080315,Lagaip/Pogera District,Lagaip/Pogera District,PG0803,Enga Province,Enga Province,PG08,Papua New Guinea,Papua New Guinea,PG
Pobuma LLG,Pobuma LLG,PG160110,Manus District,Manus District,PG1601,Manus Province,Manus Province,PG16,Papua New Guinea,Papua New Guinea,PG
Pomutu/Kurti/Andra LLG,Pomutu/Kurti/Andra LLG,PG160104,Manus District,Manus District,PG1601,Manus Province,Manus Province,PG16,Papua New Guinea,Papua New Guinea,PG
Popondetta Urban LLG,Popondetta Urban LLG,PG060104,Ijivitari District,Ijivitari District,PG0601,Northern (Oro) Province,Northern (Oro) Province,PG06,Papua New Guinea,Papua New Guinea,PG
Porgera Rural LLG,Porgera Rural LLG,PG080309,Lagaip/Pogera District,Lagaip/Pogera District,PG0803,Enga Province,Enga Province,PG08,Papua New Guinea,Papua New Guinea,PG
Poroma Rural LLG,Poroma Rural LLG,PG070726,Nipa/Kutubu District,Nipa/Kutubu District,PG0707,Southern Highlands Province,Southern Highlands Province,PG07,Papua New Guinea,Papua New Guinea,PG
Rabaul Urban LLG,Rabaul Urban LLG,PG180417,Rabaul District,Rabaul District,PG1804,East New Britain Province,East New Britain Province,PG18,Papua New Guinea,Papua New Guinea,PG
Rai Coast Rural LLG,Rai Coast Rural LLG,PG130412,Rai Coast District,Rai Coast District,PG1304,Madang Province,Madang Province,PG13,Papua New Guinea,Papua New Guinea,PG
Raluana Rural LLG,Raluana Rural LLG,PG180209,Kokopo District,Kokopo District,PG1802,East New Britain Province,East New Britain Province,PG18,Papua New Guinea,Papua New Guinea,PG
Rapatona LLG,Rapatona LLG,PG160112,Manus District,Manus District,PG1601,Manus Province,Manus Province,PG16,Papua New Guinea,Papua New Guinea,PG
Rigo Central Rural LLG,Rigo Central Rural LLG,PG030411,Rigo District,Rigo District,PG0304,Central Province,Central Province,PG03,Papua New Guinea,Papua New Guinea,PG
Rigo Coastal Rural LLG,Rigo Coastal Rural LLG,PG030412,Rigo District,Rigo District,PG0304,Central Province,Central Province,PG03,Papua New Guinea,Papua New Guinea,PG
Rigo Inland Rural LLG,Rigo Inland Rural LLG,PG030413,Rigo District,Rigo District,PG0304,Central Province,Central Province,PG03,Papua New Guinea,Papua New Guinea,PG
Safia Rural LLG,Safia Rural LLG,PG060109,Ijivitari District,Ijivitari District,PG0601,Northern (Oro) Province,Northern (Oro) Province,PG06,Papua New Guinea,Papua New Guinea,PG
Salamaua Rural LLG,Salamaua Rural LLG,PG120310,Huon District,Huon District,PG1203,Morobe Province,Morobe Province,PG12,Papua New Guinea,Papua New Guinea,PG
Salt Rural LLG,Salt Rural LLG,PG100309,Karimui/Nomane District,Karimui/Nomane District,PG1003,Chimbu (Simbu) Province,Chimbu (Simbu) Province,PG10,Papua New Guinea,Papua New Guinea,PG
Sausso Rural LLG,Sausso Rural LLG,PG140625,Yangoru Saussia District,Yangoru Saussia District,PG1406,East Sepik Province,East Sepik Province,PG14,Papua New Guinea,Papua New Guinea,PG
Selau/Suir LLG,Selau/Suir LLG,PG200103,North Bougainville District,North Bougainville District,PG2001,Autonomous Region of Bougainville,Autonomous Region of Bougainville,PG20,Papua New Guinea,Papua New Guinea,PG
Selepet Rural LLG,Selepet Rural LLG,PG120435,Kabwum District,Kabwum District,PG1204,Morobe Province,Morobe Province,PG12,Papua New Guinea,Papua New Guinea,PG
Sentral Niu Ailan Rural LLG,Sentral Niu Ailan Rural LLG,PG170206,Namatanai District,Namatanai District,PG1702,New Ireland Province,New Ireland Province,PG17,Papua New Guinea,Papua New Guinea,PG
Sialum Rural LLG,Sialum Rural LLG,PG120926,Tawae/Siassi District,Tawae/Siassi District,PG1209,Morobe Province,Morobe Province,PG12,Papua New Guinea,Papua New Guinea,PG
Siane Rural LLG,Siane Rural LLG,PG100103,Chuave District,Chuave District,PG1001,Chimbu (Simbu) Province,Chimbu (Simbu) Province,PG10,Papua New Guinea,Papua New Guinea,PG
Siassi Rural LLG,Siassi Rural LLG,PG120927,Tawae/Siassi District,Tawae/Siassi District,PG1209,Morobe Province,Morobe Province,PG12,Papua New Guinea,Papua New Guinea,PG
Simbai Rural LLG,Simbai Rural LLG,PG130309,Middle Ramu District,Middle Ramu District,PG1303,Madang Province,Madang Province,PG13,Papua New Guinea,Papua New Guinea,PG
Sinivit Rural LLG,Sinivit Rural LLG,PG180313,Pomio District,Pomio District,PG1803,East New Britain Province,East New Britain Province,PG18,Papua New Guinea,Papua New Guinea,PG
Siwai LLG,Siwai LLG,PG200310,South Bougainville District,South Bougainville District,PG2003,Autonomous Region of Bougainville,Autonomous Region of Bougainville,PG20,Papua New Guinea,Papua New Guinea,PG
South Koroba Rural LLG,South Koroba Rural LLG,PG210517,Koroba/Kopiago District,Koroba/Kopiago District,PG2105,Hela Province,Hela Province,PG21,Papua New Guinea,Papua New Guinea,PG
South Waghi Rural LLG,South Waghi Rural LLG,PG220102,Anglimp/South Waghi District,Anglimp/South Waghi District,PG2201,Jiwaka Province,Jiwaka Province,PG22,Papua New Guinea,Papua New Guinea,PG
South Wosera Rural LLG,South Wosera Rural LLG,PG140522,Wosera Gawi District,Wosera Gawi District,PG1405,East Sepik Province,East Sepik Province,PG14,Papua New Guinea,Papua New Guinea,PG
Star Mountains Rural LLG,Star Mountains Rural LLG,PG010210,North Fly District,North Fly District,PG0102,Western Province,Western Province,PG01,Papua New Guinea,Papua New Guinea,PG
Suai Rural LLG,Suai Rural LLG,PG100618,Sina Sina Yonggomugl District,Sina Sina Yonggomugl District,PG1006,Chimbu (Simbu) Province,Chimbu (Simbu) Province,PG10,Papua New Guinea,Papua New Guinea,PG
Suau Rural LLG,Suau Rural LLG,PG050106,Alotau District,Alotau District,PG0501,Milne Bay Province,Milne Bay Province,PG05,Papua New Guinea,Papua New Guinea,PG
Sumgilbar Rural LLG,Sumgilbar Rural LLG,PG130514,Sumkar District,Sumkar District,PG1305,Madang Province,Madang Province,PG13,Papua New Guinea,Papua New Guinea,PG
Tabare Rural LLG,Tabare Rural LLG,PG100617,Sina Sina Yonggomugl District,Sina Sina Yonggomugl District,PG1006,Chimbu (Simbu) Province,Chimbu (Simbu) Province,PG10,Papua New Guinea,Papua New Guinea,PG
Tagali Rural LLG,Tagali Rural LLG,PG210828,Tari/Pori District,Tari/Pori District,PG2108,Hela Province,Hela Province,PG21,Papua New Guinea,Papua New Guinea,PG
Talasea Rural LLG,Talasea Rural LLG,PG190211,Talasea District,Talasea District,PG1902,West New Britain Province,West New Britain Province,PG19,Papua New Guinea,Papua New Guinea,PG
Tamata Rural LLG,Tamata Rural LLG,PG060207,Sohe District,Sohe District,PG0602,Northern (Oro) Province,Northern (Oro) Province,PG06,Papua New Guinea,Papua New Guinea,PG
Tanir Rural LLG,Tanir Rural LLG,PG170208,Namatanai District,Namatanai District,PG1702,New Ireland Province,New Ireland Province,PG17,Papua New Guinea,Papua New Guinea,PG
Tapini Rural LLG,Tapini Rural LLG,PG030205,Goilala District,Goilala District,PG0302,Central Province,Central Province,PG03,Papua New Guinea,Papua New Guinea,PG
Tari Urban LLG,Tari Urban LLG,PG210829,Tari/Pori District,Tari/Pori District,PG2108,Hela Province,Hela Province,PG21,Papua New Guinea,Papua New Guinea,PG
Tebi Rural LLG,Tebi Rural LLG,PG210830,Tari/Pori District,Tari/Pori District,PG2108,Hela Province,Hela Province,PG21,Papua New Guinea,Papua New Guinea,PG
Telefomin Rural LLG,Telefomin Rural LLG,PG150310,Telefomin District,Telefomin District,PG1503,West Sepik (Sandaun) Province,West Sepik (Sandaun) Province,PG15,Papua New Guinea,Papua New Guinea,PG
Tetidu LLG,Tetidu LLG,PG160109,Manus District,Manus District,PG1601,Manus Province,Manus Province,PG16,Papua New Guinea,Papua New Guinea,PG
Tikana Rural LLG,Tikana Rural LLG,PG170103,Kavieng District,Kavieng District,PG1701,New Ireland Province,New Ireland Province,PG17,Papua New Guinea,Papua New Guinea,PG
Tinputz LLG,Tinputz LLG,PG200101,North Bougainville District,North Bougainville District,PG2001,Autonomous Region of Bougainville,Autonomous Region of Bougainville,PG20,Papua New Guinea,Papua New Guinea,PG
Torokina LLG,Torokina LLG,PG200312,South Bougainville District,South Bougainville District,PG2003,Autonomous Region of Bougainville,Autonomous Region of Bougainville,PG20,Papua New Guinea,Papua New Guinea,PG
Transgogol Rural LLG,Transgogol Rural LLG,PG130206,Madang District,Madang District,PG1302,Madang Province,Madang Province,PG13,Papua New Guinea,Papua New Guinea,PG
Tsak Rural LLG,Tsak Rural LLG,PG080514,Wapenamanda District,Wapenamanda District,PG0805,Enga Province,Enga Province,PG08,Papua New Guinea,Papua New Guinea,PG
Tufi Rural LLG,Tufi Rural LLG,PG060102,Ijivitari District,Ijivitari District,PG0601,Northern (Oro) Province,Northern (Oro) Province,PG06,Papua New Guinea,Papua New Guinea,PG
Tunap/Hustein LLG,Tunap/Hustein LLG,PG140104,Ambunti/Drekikier District,Ambunti/Drekikier District,PG1401,East Sepik Province,East Sepik Province,PG14,Papua New Guinea,Papua New Guinea,PG
Turubu Rural LLG,Turubu Rural LLG,PG140415,Wewak District,Wewak District,PG1404,East Sepik Province,East Sepik Province,PG14,Papua New Guinea,Papua New Guinea,PG
Umi/Atzera Rural LLG,Umi/Atzera Rural LLG,PG120618,Markham District,Markham District,PG1206,Morobe Province,Morobe Province,PG12,Papua New Guinea,Papua New Guinea,PG
Unavi Rural LLG,Unavi Rural LLG,PG110507,Lufa District,Lufa District,PG1105,Eastern Highlands Province,Eastern Highlands Province,PG11,Papua New Guinea,Papua New Guinea,PG
Unggai Rural LLG,Unggai Rural LLG,PG110824,Unggai/Benna District,Unggai/Benna District,PG1108,Eastern Highlands Province,Eastern Highlands Province,PG11,Papua New Guinea,Papua New Guinea,PG
Upper Asaro Rural LLG,Upper Asaro Rural LLG,PG110113,Daulo District,Daulo District,PG1101,Eastern Highlands Province,Eastern Highlands Province,PG11,Papua New Guinea,Papua New Guinea,PG
Upper Bena Rural LLG,Upper Bena Rural LLG,PG110823,Unggai/Benna District,Unggai/Benna District,PG1108,Eastern Highlands Province,Eastern Highlands Province,PG11,Papua New Guinea,Papua New Guinea,PG
Upper Mendi Rural LLG,Upper Mendi Rural LLG,PG070621,Mendi/Munihu District,Mendi/Munihu District,PG0706,Southern Highlands Province,Southern Highlands Province,PG07,Papua New Guinea,Papua New Guinea,PG
Upper Wage LLG,Upper Wage LLG,PG210431,Komo/Magarima District,Komo/Magarima District,PG2104,Hela Province,Hela Province,PG21,Papua New Guinea,Papua New Guinea,PG
Upper/Lower Koronigl LLG,Upper/Lower Koronigl LLG,PG100411,Kerowagi District,Kerowagi District,PG1004,Chimbu (Simbu) Province,Chimbu (Simbu) Province,PG10,Papua New Guinea,Papua New Guinea,PG
Usino Rural LLG,Usino Rural LLG,PG130616,Usino Bundi District,Usino Bundi District,PG1306,Madang Province,Madang Province,PG13,Papua New Guinea,Papua New Guinea,PG
Vanimo Urban LLG,Vanimo Urban LLG,PG150415,Vanimo/Green River District,Vanimo/Green River District,PG1504,West Sepik (Sandaun) Province,West Sepik (Sandaun) Province,PG15,Papua New Guinea,Papua New Guinea,PG
Vunadidir/Toma Rural LLG,Vunadidir/Toma Rural LLG,PG180105,Gazelle District,Gazelle District,PG1801,East New Britain Province,East New Britain Province,PG18,Papua New Guinea,Papua New Guinea,PG
Wabag Rural LLG,Wabag Rural LLG,PG080411,Wabag District,Wabag District,PG0804,Enga Province,Enga Province,PG08,Papua New Guinea,Papua New Guinea,PG
Wabag Urban LLG,Wabag Urban LLG,PG080410,Wabag District,Wabag District,PG0804,Enga Province,Enga Province,PG08,Papua New Guinea,Papua New Guinea,PG
Wage Rural LLG,Wage Rural LLG,PG080102,Kandep District,Kandep District,PG0801,Enga Province,Enga Province,PG08,Papua New Guinea,Papua New Guinea,PG
Wain-Erap Rural LLG,Wain-Erap Rural LLG,PG120825,Nawae District,Nawae District,PG1208,Morobe Province,Morobe Province,PG12,Papua New Guinea,Papua New Guinea,PG
Waiye LLG,Waiye LLG,PG100516,Kundiawa/Gembogl District,Kundiawa/Gembogl District,PG1005,Chimbu (Simbu) Province,Chimbu (Simbu) Province,PG10,Papua New Guinea,Papua New Guinea,PG
Wakunai LLG,Wakunai LLG,PG200207,Central Bougainville District,Central Bougainville District,PG2002,Autonomous Region of Bougainville,Autonomous Region of Bougainville,PG20,Papua New Guinea,Papua New Guinea,PG
Walsa Rural LLG,Walsa Rural LLG,PG150416,Vanimo/Green River District,Vanimo/Green River District,PG1504,West Sepik (Sandaun) Province,West Sepik (Sandaun) Province,PG15,Papua New Guinea,Papua New Guinea,PG
Wampar Rural LLG,Wampar Rural LLG,PG120311,Huon District,Huon District,PG1203,Morobe Province,Morobe Province,PG12,Papua New Guinea,Papua New Guinea,PG
Wantoat/Leron Rural LLG,Wantoat/Leron Rural LLG,PG120619,Markham District,Markham District,PG1206,Morobe Province,Morobe Province,PG12,Papua New Guinea,Papua New Guinea,PG
Wapenamanda Rural LLG,Wapenamanda Rural LLG,PG080513,Wapenamanda District,Wapenamanda District,PG0805,Enga Province,Enga Province,PG08,Papua New Guinea,Papua New Guinea,PG
Wapi-Yengis Rural LLG,Wapi-Yengis Rural LLG,PG080205,Kompiam District,Kompiam District,PG0802,Enga Province,Enga Province,PG08,Papua New Guinea,Papua New Guinea,PG
Wapi Rural LLG,Wapi Rural LLG,PG120722,Menyamya District,Menyamya District,PG1207,Morobe Province,Morobe Province,PG12,Papua New Guinea,Papua New Guinea,PG
Waria Rural LLG,Waria Rural LLG,PG120102,Bulolo District,Bulolo District,PG1201,Morobe Province,Morobe Province,PG12,Papua New Guinea,Papua New Guinea,PG
Wasu Rural LLG,Wasu Rural LLG,PG120928,Tawae/Siassi District,Tawae/Siassi District,PG1209,Morobe Province,Morobe Province,PG12,Papua New Guinea,Papua New Guinea,PG
Watabung Rural LLG,Watabung Rural LLG,PG110101,Daulo District,Daulo District,PG1101,Eastern Highlands Province,Eastern Highlands Province,PG11,Papua New Guinea,Papua New Guinea,PG
Watom Island Rual LLG,Watom Island Rual LLG,PG180418,Rabaul District,Rabaul District,PG1804,East New Britain Province,East New Britain Province,PG18,Papua New Guinea,Papua New Guinea,PG
Watut Rural LLG,Watut Rural LLG,PG120103,Bulolo District,Bulolo District,PG1201,Morobe Province,Morobe Province,PG12,Papua New Guinea,Papua New Guinea,PG
Wau Rural LLG,Wau Rural LLG,PG120105,Bulolo District,Bulolo District,PG1201,Morobe Province,Morobe Province,PG12,Papua New Guinea,Papua New Guinea,PG
Wau/Bulolo Urban LLG,Wau/Bulolo Urban LLG,PG120104,Bulolo District,Bulolo District,PG1201,Morobe Province,Morobe Province,PG12,Papua New Guinea,Papua New Guinea,PG
Weraura Rural LLG,Weraura Rural LLG,PG050103,Alotau District,Alotau District,PG0501,Milne Bay Province,Milne Bay Province,PG05,Papua New Guinea,Papua New Guinea,PG
West Aitape Rural LLG,West Aitape Rural LLG,PG150103,Aitape/Lumi District,Aitape/Lumi District,PG1501,West Sepik (Sandaun) Province,West Sepik (Sandaun) Province,PG15,Papua New Guinea,Papua New Guinea,PG
West Ferguson Rural LLG,West Ferguson Rural LLG,PG050414,Esa'ala District,Esa'ala District,PG0504,Milne Bay Province,Milne Bay Province,PG05,Papua New Guinea,Papua New Guinea,PG
West Kikori Rural LLG,West Kikori Rural LLG,PG020210,Kikori District,Kikori District,PG0202,Gulf Province,Gulf Province,PG02,Papua New Guinea,Papua New Guinea,PG
West Okapa Rural LLG,West Okapa Rural LLG,PG110722,Okapa District,Okapa District,PG1107,Eastern Highlands Province,Eastern Highlands Province,PG11,Papua New Guinea,Papua New Guinea,PG
West Pomio/Mamusi Rural LLG,West Pomio/Mamusi Rural LLG,PG180314,Pomio District,Pomio District,PG1803,East New Britain Province,East New Britain Province,PG18,Papua New Guinea,Papua New Guinea,PG
West Wapei Rural LLG,West Wapei Rural LLG,PG150104,Aitape/Lumi District,Aitape/Lumi District,PG1501,West Sepik (Sandaun) Province,West Sepik (Sandaun) Province,PG15,Papua New Guinea,Papua New Guinea,PG
West Yangoru Rural LLG,West Yangoru Rural LLG,PG140626,Yangoru Saussia District,Yangoru Saussia District,PG1406,East Sepik Province,East Sepik Province,PG14,Papua New Guinea,Papua New Guinea,PG
Wewak Islands Rural LLG,Wewak Islands Rural LLG,PG140416,Wewak District,Wewak District,PG1404,East Sepik Province,East Sepik Province,PG14,Papua New Guinea,Papua New Guinea,PG
Wewak Rural LLG,Wewak Rural LLG,PG140417,Wewak District,Wewak District,PG1404,East Sepik Province,East Sepik Province,PG14,Papua New Guinea,Papua New Guinea,PG
Wewak Urban LLG,Wewak Urban LLG,PG140418,Wewak District,Wewak District,PG1404,East Sepik Province,East Sepik Province,PG14,Papua New Guinea,Papua New Guinea,PG
Wiru Rural LLG,Wiru Rural LLG,PG070104,Ialibu/Pangia District,Ialibu/Pangia District,PG0701,Southern Highlands Province,Southern Highlands Province,PG07,Papua New Guinea,Papua New Guinea,PG
Woitape Rural LLG,Woitape Rural LLG,PG030206,Goilala District,Goilala District,PG0302,Central Province,Central Province,PG03,Papua New Guinea,Papua New Guinea,PG
Yabim Mape Rural LLG,Yabim Mape Rural LLG,PG120208,Finschafen District,Finschafen District,PG1202,Morobe Province,Morobe Province,PG12,Papua New Guinea,Papua New Guinea,PG
Yagaria Rural LLG,Yagaria Rural LLG,PG110521,Lufa District,Lufa District,PG1105,Eastern Highlands Province,Eastern Highlands Province,PG11,Papua New Guinea,Papua New Guinea,PG
Yaleyemba Rural LLG,Yaleyemba Rural LLG,PG050210,Samarai-Murua District,Samarai-Murua District,PG0502,Milne Bay Province,Milne Bay Province,PG05,Papua New Guinea,Papua New Guinea,PG
Yamil/Tamaui Rural LLG,Yamil/Tamaui Rural LLG,PG140313,Maprik District,Maprik District,PG1403,East Sepik Province,East Sepik Province,PG14,Papua New Guinea,Papua New Guinea,PG
Yangkok Rural LLG,Yangkok Rural LLG,PG150207,Nuku District,Nuku District,PG1502,West Sepik (Sandaun) Province,West Sepik (Sandaun) Province,PG15,Papua New Guinea,Papua New Guinea,PG
Yapsie Rural LLG,Yapsie Rural LLG,PG150311,Telefomin District,Telefomin District,PG1503,West Sepik (Sandaun) Province,West Sepik (Sandaun) Province,PG15,Papua New Guinea,Papua New Guinea,PG
Yawar Rural LLG,Yawar Rural LLG,PG130103,Bogia District,Bogia District,PG1301,Madang Province,Madang Province,PG13,Papua New Guinea,Papua New Guinea,PG
Yelia Rural LLG,Yelia Rural LLG,PG110609,Obura/Wonenara District,Obura/Wonenara District,PG1106,Eastern Highlands Province,Eastern Highlands Province,PG11,Papua New Guinea,Papua New Guinea,PG
Yonggomugl Rural LLG,Yonggomugl Rural LLG,PG100619,Sina Sina Yonggomugl District,Sina Sina Yonggomugl District,PG1006,Chimbu (Simbu) Province,Chimbu (Simbu) Province,PG10,Papua New Guinea,Papua New Guinea,PG
Yuat Rural LLG,Yuat Rural LLG,PG140209,Angoram District,Angoram District,PG1402,East Sepik Province,East Sepik Province,PG14,Papua New Guinea,Papua New Guinea,PG
Yus Rural LLG,Yus Rural LLG,PG120414,Kabwum District,Kabwum District,PG1204,Morobe Province,Morobe Province,PG12,Papua New Guinea,Papua New Guinea,PG